<?xml version="1.0"?>
<config xmlns:xsi="http://www.w3.org/2001/XMLSchema-instance" xsi:noNamespaceSchemaLocation="urn:magento:module:Magento_Cron:etc/cron_groups.xsd">
    <group id="cb_greenlineapi_cron_first_group">
        <schedule_generate_every>5</schedule_generate_every>
        <schedule_ahead_for>5</schedule_ahead_for>
        <schedule_lifetime>60</schedule_lifetime>
        <history_cleanup_every>240</history_cleanup_every>
        <history_success_lifetime>60</history_success_lifetime>
        <history_failure_lifetime>1500</history_failure_lifetime>
        <use_separate_process>0</use_separate_process>
    </group>
    <group id="cb_greenlineapi_cron_second_group">
        <schedule_generate_every>5</schedule_generate_every>
        <schedule_ahead_for>5</schedule_ahead_for>
        <schedule_lifetime>60</schedule_lifetime>
        <history_cleanup_every>240</history_cleanup_every>
        <history_success_lifetime>60</history_success_lifetime>
        <history_failure_lifetime>1500</history_failure_lifetime>
        <use_separate_process>0</use_separate_process>
    </group>
</config>