<?xml version="1.0"?>

<config xmlns:xsi="http://www.w3.org/2001/XMLSchema-instance" xsi:noNamespaceSchemaLocation="urn:magento:framework:ObjectManager/etc/config.xsd">
    
    <type name="Magento\Framework\View\Element\UiComponent\DataProvider\CollectionFactory">
        <arguments>
            <argument name="collections" xsi:type="array">
                <item name="greenlineapi_exportorder_listing_data_source" xsi:type="string">Cb\GreenlineApi\Model\ResourceModel\OrderExportHistory\Grid\SellerCollection</item>
            </argument>
        </arguments>
    </type>
    <type name="Cb\GreenlineApi\Model\ResourceModel\OrderExportHistory\Grid\SellerCollection">
        <arguments>
            <argument name="mainTable" xsi:type="string">greenlineapi_export_order_history</argument>
            <argument name="eventObject" xsi:type="string">exportorder_grid_collection</argument>
            <argument name="eventPrefix" xsi:type="string">greenlineapi_exportorder_grid_collection</argument>
            <argument name="resourceModel" xsi:type="string">Cb\GreenlineApi\Model\ResourceModel\OrderExportHistory</argument>
        </arguments>
    </type>

</config>
